Unknown,US,EMEA,ASIA,CANADA,LATAM
ABCRY, KYWON,ATEBT,AEA15,ABCLA,AGANU
ABEDN, NVLSV,ATFSH,AEABI,ABCRA,ANHCU
ABEDO, NYSPR,ATGRO,AEABU,ABCRY,ARBAI
ABRDE, TXHS1,ATHOE,AEDBI,ABEDA,ARBAR
ABYYC,AKACO,ATINB,AEDFZ,ABEDN,ARBNS
AEDBI,AKACR,ATLAT,AEDUI,ABEDO,ARBUE
AEDXB,AKARG,ATNNA,AEDXB,ABGAR,ARBUN
AEJLL,AKERI,ATSPS,AEJLL,ABRDE,ARCOR
AKACO,AKFAR,ATVIA,AESHR,ABTON,AREZE
AKERI,AKFKS,ATVIN,AUBTY,ABYYC,ARLPL
AKFKS,AKHMR,ATWUN,AUGRY,BCABF,ARMED
AKHOM,AKJNE,BAEVO,AUMAS,BCABT,ARROS
AKJNE,AKKEN,BEANT,AUMNE,BCANI,AWORA
AKKEN,AKKOD,BEBSE,AUMUR,BCCOU,BBBRI
AKKOD,AKKTN,BEBSL,AUPBO,BCFRV,BMAIR
AKKTN,AKRGE,BEDIE,AUPRH,BCKAM,BMHAM
ALANN,AKSTA,BEFRO,AUSPV,BCKEO,BOLAP
ALAWL1,AKWSA,BEGEM,AUSYY,BCNAO,BOLPA
ALBAI,ALANN,BELUM,BDDHA,BCRHD,BOLPZ
ALBIR,ALAWL,BEREK,BHMUH,BCRIM,BOPAZ
ALDEA,ALBAI,BGOFI,CN10H,BCRMD,BOSCR
ALDEC,ALBIR,BGSOA,CN1NA,BCVCR,BRBHO
ALDOT,ALBOZ,BYMSK,CN1ST,BCVIC,BRBRL
ALENT,ALDEA,CHARL,CN27J,BCVTA,BRCAJ
ALEVE,ALDEC,CHBAC,CN530,MBLUC,BRCAM
ALFLO,ALDOA,CHBAH,CN80F,MBNEG,BRCAM
ALFPN,ALDOT,CHBAS,CNAGH,MBPEG,BRCPS
ALFTP,ALENT,CHGRN,CNAME,MBWIN,BRCPS
ALGAD,ALEVE,CHMEY,CNBAO,MBWIP,BRCUR
ALGOO,ALFLO,CHMUN,CNBEJ,MBWNI,BRFOT
ALHAR,ALFPN,CHRUE,CNBEN,MBWPE,BRGOI
ALHHU,ALFTP,CHWLB,CNCGZ,MBYWG,BRJDC
ALHUN,ALGAD,CIABJ,CNCHG,NBDIP,BRMNA
ALHVL,ALGOO,CMCDU,CNCHN,NBFRE,BRNAV
ALLOX,ALHAM,CYARA,CNCLH,NBFRN,BRPTA
ALMBE,ALHAR,CYNCO,CNCOI,NBMON,BRRCF
ALMOB,ALHHU,CYNIO,CNCQG,NBSNJ,BRRDO
ALMON,ALHUN,CZBNO,CNCSH,NLMPL,BRSAN
ALOPE,ALHVL,CZGUE,CNDAA,NSDAT,BRSAO
ALPCY,ALLOX,CZONL,CNDAH,NSDMH,BRSAO
ALROE,ALMBE,CZOSV,CNDAI,NSSDY,BRSAV
ALTOM,ALMOB,CZPGE,CNDLN,NSTRR,BRSOP
ALTRU,ALMOL,CZPGU,CNDNY,ONBAR,BRSPA
ALTUS,ALMON,CZPNS,CNDOG,ONBEL,BRVIC
ALWIN,ALMTY,CZPRG,CNDUA,ONBMP,BSFRP
ARBAI,ALNST,CZTCH,CNFDA,ONBTF,BSNSA
ARBAR,ALOPE,DEACC,CNFOH,ONBUR,CLAGO
ARBAT,ALPCY,DEALL,CNFRR,ONCHM,CLSCL
ARBLY,ALROE,DEBAM,CNFZH,ONCND,CLSCL
ARCAM,ALTOM,DEBAT,CNGBO,ONGLU,CLSTI
ARCON,ALTRU,DEBEN,CNGDU,ONHAI,CLVAL
ARDER,ALTUS,DEBIN,CNGGH,ONHAM,COBGT
ARELD,ALWIN,DEBLD,CNGGN,ONKAN,COBTA
AREZE,ARBAT,DEBLN,CNGGZ,ONKGS,COCAL
ARFOR,ARBLY,DEBLS,CNGUU,ONKIN,COFNZ
ARFOS,ARBNV,DEBON,CNGZC,ONKIT,COFZA
ARHAR,ARCAM,DEBRA,CNHAA,ONLDN,COMDN
ARHOT,ARCON,DEBRE,CNHEF,ONLON,COMDN
ARJNB,ARDER,DEBRL,CNHHA,ONMIG,COMED
ARLIA,ARELD,DEBUT,CNHNU,ONMIS,COMEL
ARLIT,ARFOR,DECGE,CNHON,ONMKH,COOOA
ARLRC,ARFOS,DECOL,CNHZH,ONMSA,COOTA
ARMAL,ARHAR,DECOM,CNHZN,ONMSG,CORON
ARMEN,ARHOT,DECRA,CNHZU,ONOAA,CRAJE
ARMTH,ARJNB,DEDAH,CNING,ONOAV,CRALA
ARPIN,ARLIA,DEDIT,CNJAN,ONOTT,CRHER
ARPOC,ARLIT,DEDUS,CNJAX,ONOWA,CRSAN
ARRUS,ARLOW,DEECH,CNJND,ONOWN,CRSAN
ARSDL,ARLRC,DEESF,CNJNY,ONPBR,CRSJO
ARSEA,ARMAL,DEESH,CNJUL,ONPEW,CRSJO
ARTEX,ARMEN,DEEWE,CNKHA,ONQUE,DOSAO
ATEBT,ARMTH,DEFEC,CNLIU,ONSTC,DOSDG
ATGRO,ARPIN,DEFKR,CNMEN,ONSTF,DOSDM
ATHOE,ARPOC,DEFRE,CNNGA,ONTNO,DOSDN
ATINB,ARRUS,DEFRI,CNNJ1,ONTOR,DOSDN
ATLAT,ARSDL,DEGAR,CNNNT,ONTTO,DOSTG
ATVIA,ARSEA,DEGER,CNPSP,ONTWA,DOSTI
ATWUN,ARTEX,DEGIE,CNQDA,ONVAU,ECGUA
AUBTY,ARTLK,DEGIM,CNQGD,ONWNS,ECGUY
AUGRY,AZCAM,DEGRB,CNQGO,PECHT,ECGYE
AUMNE,AZCAS,DEGRO,CNQHU,PQBLA,ECNAQ
AUMUR,AZEME,DEHBG,CNQID,PQBRO,ECQUI
AUPBO,AZENX,DEHED,CNQND,PQDRU,ECQUO
AUPRH,AZFLA,DEHER,CNQUZ,PQLAV,ECUTO
AZCAM,AZGDR,DEHME,CNSEE,PQLON,GTGML
AZCAS,AZGLO,DEHMN,CNSGI,PQMIR,GTGUE
AZEME,AZHLB,DEHRB,CNSH6,PQMNT,GTGUL
AZFLA,AZKIN,DEICT,CNSH7,PQMON,GTGUL
AZGDR,AZLAK,DEISE,CNSNX,PQMRB,GTGUM
AZGLO,AZMES,DEKAI,CNSPR,PQQUE,GYGEO
AZHLB,AZNGS,DEKAR,CNST8,PQSHE,HNSAN
AZKIN,AZNTR,DEKAS,CNSUH,PQSTL,HNSAP
AZLAK,AZPAG,DEKEM,CNSYA,PQTRO,HNSNP
AZMES,AZPAY,DEKIE,CNSZ1,QCBRO,HNSPG
AZPAG,AZPHO,DEKIR,CNTAJ,QCHBW,HNTEG
AZPAY,AZPHX,DEKLI,CNTIN,QCMIR,HNTGC
AZPHO,AZPNE,DEKLS,CNTZH,QCMNT,HTPOR
AZPHX,AZPNI,DEKOL,CNWAN,QCSLR,JMKGS
AZPNI,AZPOE,DEKON,CNWUI,SKRGA,JMKNN
AZPOE,AZPRE,DEKRE,CNWUN,SKSSK,JMKTP
AZPRE,AZQUN,DEKRI,CNWZH,,JMMBJ
AZRIV,AZRIV,DELAG,CNXAI,,KNNEV
AZSAF,AZS51,DELAH,CNXAN,,KYGRN
AZSHO,AZSAF,DELAN,CNXWI,,MX301
AZSIE,AZSHO,DELOB,CNYIN,,MX38X
AZSON,AZSIE,DEMCH,CNYIU,,MXAGU
AZTEM,AZSON,DEMDG,CNYYO,,MXBEN
AZTOL,AZTEM,DEMOM,CNYYR,,MXCDJ
AZTUC,AZTOL,DEMRG,CNZHH,,MXCHA
AZW10,AZTSO,DEMUC,CNZHS,,MXCHI
AZYUM,AZTUC,DENEU,CNZQG,,MXCIN
BCABT,AZW10,DENHS,GUTAM,,MXCIU
BCCOU,AZYUM,DENIB,HKCHE,,MXCLM
BCKAM,CAADR,DENOT,HKCKL,,MXCNN
BCKEO,CAANA,DENRM,HKCLK,,MXCTY
BCNAO,CAANG,DENSS,HKHCH,,MXCUE
BCRIM,CAANT,DENUR,HKHKN,,MXGLA
BCRMD,CAAPT,DEOBL,HKHKO,,MXGUA
BCVCR,CAATR,DEOBT,HKHNG,,MXGUL
BCVIC,CAAVA,DEOSC,HKKCH,,MXHRM
BEANT,CABAK,DEOTZ,HKKOW,,MXJMP
BEBSE,CABAR,DEPAD,HKSHK,,MXLEO
BEBSL,CABAS,DEREI,HKTWN,,MXMAN
BEDIE,CABAY,DEREN,IDJAR,,MXMCT
BEFRO,CABFE,DEROS,IDJAT,,MXMEL
BELUM,CABIH,DESAA,IDJRT,,MXMIC
BEREK,CABLL,DESCA,IDPJO,,MXMOT
BGOFI,CABLO,DESCH,IDRTA,,MXMRD
BGSOA1-PSOF535,CABLT,DESCK,IDSRA,,MXMRE
BOLPA,CABOY,DESXF,IN1PN,,MXMRR
BOLPZ,CABRA,DETRO,IN916,,MXMTR
BRCAJ,CABRN,DEUEL,INACC,,MXMXO
BRCAM,CABSD,DEULM,INAMA,,MXNAU
BRCPS,CABUA,DEUMK,INBAI,,MXNUV
BRCUR,CABUR,DEWAL,INBGA,,MXPCH
BRGOI,CACEE,DEWEN,INBGE,,MXPUE
BRMNA,CACER,DEWES,INBHS,,MXPVL
BRSAN,CACHI,DEWIT,INBNG,,MXQUE
BRSAO,CACHV,DEWLL,INBWH,,MXREY
BRSPA,CACLR,DEWOL,INCAC,,MXSAL
CAADR,CACMR,DEWSL,INCNA,,MXSAN
CAANA,CACON,DEWUP,INCNI,,MXTAX
CAANG,CACOR,DKAAB,INCOC,,MXTIJ
CAANT,CACPT,DKAAU,INGGN,,MXTMP
CAAPT,CACRE,DKCOP,INJAI,,MXTOL
CAATR,CACRU,DKCPN,INKKT,,MXTOR
CAAVA,CACTR,DKVEJ,INLUD,,MXVCZ
CABAK,CACVA,DZAGR,INMMI,,MXVIL
CABAR,CACXC,DZALS,INMMU,,NFMNP
CABAY,CAECN,EETNN,INMOR,,NIMAA
CABIH,CAEJS,EGCAI,INMUA,,NIMAG
CABLL,CAELC,EGCIO,INMVR,,NIMGU
CABLO,CAESN,EGCRO,INMWP,,PACOL
CABLT,CAEUR,ESALI,INNDH,,PACOO
CABOY,CAFAN,ESAST,INNLI,,PAPAN
CABRA,CAFCO,ESBAD,INOKH,,PAPTY
CABRN,CAFLR,ESBAL,INTIR,,PAPTY
CABSD,CAFNA,ESBCA,INUNE,,PATOC
CABUA,CAFNN,ESBCN,INYDR,,PECAR
CABUR,CAFRE,ESBEN,JPAKA,,PECLO
CACEE,CAFRN,ESBIL,JPATS,,PEJAV
CACER,CAFSN,ESBRS,JPAZA,,PELIM
CACHI,CAFTN,ESDDA,JPFKU,,PYASN
CACHV,CAGAR,ESGUR,JPFOK,,PYASU
CACLR,CAGVA,ESLAC,JPFUA,,SVSAG
CACMR,CAGVS,ESMAI,JPHAM,,SVSSA
CACON,CAHAD,ESMAL,JPHRO,,SVSSL
CACOR,CAHAR,ESMAN,JPHSH,,SVSSO
CACPT,CAHAW,ESMAR,JPHYO,,SVSSV
CACRE,CAHAY,ESMCO,JPKAM,,TCPRO
CACRU,CAHIL,ESMDH,JPKIX,,TTPOS
CACTR,CAHYC,ESSEV,JPKNA,,UYMON
CACVA,CAIWD,ESSFD,JPKSK,,VECAA
CACXC,CAJOG,ESSVQ,JPKUN,,VGTOR
CAECN,CAJOS,ESVID,JPKUR,,VISTC
CAEJS,CAKET,ESVIG,JPKYT,,VISTT
CAELC,CALAG,ESVTA,JPMKU,,
CAESN,CALAH,ESZAR,JPNCH,,
CAEUR,CALAK,FIHLS,JPNGA,,
CAFAN,CALAN,FIHVN,JPNGY,,
CAFLR,CALBE,FITAA,JPNHA,,
CAFNA,CALEA,FITMP,JPNRI,,
CAFNN,CALEL,FITUK,JPNRT,,
CAFRE,CALMD,FRALV,JPNYA,,
CAFSN,CALMI,FRANG,JPOAK,,
CAFTN,CALOV,FRBES,JPOTE,,
CAGAR,CALTH,FRBGA,JPOYO,,
CAGVA,CAMAT,FRBGS,JPPPN,,
CAGVS,CAMDA,FRBLG,JPRKB,,
CAHAD,CAMEN,FRBOR,JPRVR,,
CAHAR,CAMER,FRBOU,JPSEN,,
CAHAW,CAMLM,FRBRU,JPSHN,,
CAHAY,CAMLO,FRCAE,JPSKA,,
CAHIL,CAMNS,FRCAN,JPSPP,,
CAIWD,CAMOJ,FRCDA,JPTAK,,
CAJOG,CAMON,FRCDG,JPTKA,,
CAJOS,CAMRD,FRCHN,JPTKM,,
CALAH,CAMRL,FRCRB,JPTKU,,
CALAK,CAMTH,FRCTL,JPUTS,,
CALAN,CANAP,FRENR,JPYKO,,
CALBE,CANEW,FRERX,JPYKU,,
CALEA,CANSF,FRFON,KENBO,,
CALEL,CAOAI,FRGRE,KHPPE,,
CALMI,CAOAK,FRLAC,KRBSN,,
CALOV,CAOAL,FRLCU,KRDAG,,
CALTH,CAOAR,FRLEM,KRGON,,
CAMAT,CAOCE,FRLHA,KRGOY,,
CAMDA,CAOKN,FRLIL,KRIHN,,
CAMEN,CAOLY,FRLIM,KRINC,,
CAMER,CAONA,FRLSX,KRKWA,,
CAMNS,CAOXN,FRLYS,KRMLL,,
CAMOJ,CAPAL,FRMAR,KRNCH,,
CAMON,CAPER,FRMAU,KRPSN,,
CAMRL,CAPET,FRMEJ,KRPYE,,
CAMTH,CAPIS,FRMGN,KRSBS,,
CANAP,CAPRI,FRMRI,KRSDG,,
CANEW,CAQUN,FRMUL,KRSOG,,
CAOAI,CARCM,FRNAB,KRUIW,,
CAOAK,CARED,FRNCY,KRYNI,,
CAOAL,CARID,FRNIC,KWDAJ,,
CAOAR,CARIV,FRNOA,KZLUG,,
CAOCE,CARMD,FRNSG,LKCOB,,
CAOKN,CAROC,FROUA,LKCOO,,
CAOLY,CARVE,FRPLA,MOMAU,,
CAONA,CASAC,FRPLI,MYGTW,,
CAOXN,CASAI,FRPOI,MYKLI,,
CAPAL,CASAL,FRREM,MYOGP,,
CAPER,CASAM,FRRNN,MYPNA,,
CAPET,CASAN,FRROU,MYPNN,,
CAPRI,CASAR,FRSAE,MYSHL,,
CAQUN,CASBE,FRSAH,MYSNG,,
CARCM,CASBR,FRSAT,MYTAM,,
CARED,CASCE,FRSJD,NZAKD,,
CARID,CASDA,FRSJQ,PHCBU,,
CARIV,CASDI,FRSON,PHCUC,,
CARMD,CASEG,FRSPL,PHEDS,,
CAROC,CASFR,FRSQF,PHILL,,
CASAC,CASGA,FRSTJ,PHMAI,,
CASAL,CASIM,FRSTR,PHMNI,,
CASAM,CASLA,FRSWI,PHMNT,,
CASAR,CASLE,FRSWT,PHPAS,,
CASBE,CASLO,FRTMU,PHPPG,,
CASBR,CASLR,FRTOR,PHPSG,,
CASCE,CASLT,FRTRO,PHQUE,,
CASDA,CASMR,FRTSE,QADOA,,
CASDI,CASMT,FRVLP,QSAS10,,
CASEG,CASNO,GALBR,QSAS11,,
CASFR,CASNR,GBAGN,QSAS12,,
CASGA,CASNT,GBATL,QSAS4,,
CASIM,CASRA,GBBAR,QSAS6 ,,
CASLA,CASTB,GBBEL,QSAS7,,
CASLO,CASTO,GBBEV,QSAS8 ,,
CASLR,CASTR,GBBLF,QSAS9,,
CASLT,CASUN,GBBOD,SAADH,,
CASMR,CASUY,GBBOT,SADHA,,
CASNO,CASVL,GBBRG,SAJED,,
CASNR,CASYL,GBBTL,SAMMM,,
CASRA,CATAC,GBBTO,SARID,,
CASTB,CATRC,GBBUN,SARIY,,
CASTO,CAUKI,GBBUR,SARYD,,
CASTR,CAVAN,GBBWA,SAX18,,
CASUN,CAVEN,GBCAF,SGCHA,,
CASUY,CAVIA,GBCLS,SGORE,,
CASVL,CAVIS,GBCOV,SGPRE,,
CASYL1,CAVNN,GBCRO,SGSAP,,
CATRC,CAVTV,GBCUM,SGSIA,,
CAUKI,CAWAL,GBDAR,SGSIG,,
CAVEN,CAWIH,GBDBY,SGSIP,,
CAVIA,CAWSA,GBDDE,THBAG,,
CAVIS,CAWSR,GBDEE,THBAO,,
CAVNN,CAWTD,GBDEW,THBNG,,
CAVTV,CAWTN,GBDRB,THPAT,,
CAWIH,CAWVR,GBDRN,THSAM,,
CAWSA,CAYRE,GBDWS,THSAP,,
CAWSR,CAYUB,GBEBH,THSAT,,
CAWTD,CAYUC,GBEDR,THSAU,,
CAWTN,COALA,GBEMR,THTSU,,
CAWVR,COARO,GBENN,TMAHG,,
CAYRE,COAUO,GBEXE,TWAOU,,
CAYUB,COBOU,GBEXR,TWCHC,,
CAYUC,COBUR,GBFEL,TWGUO,,
CHARL,COCAN,GBGAW,TWHAI,,
CHBAH,COCMR,GBGFR,TWHAN,,
CHGRN,COCOL,GBGGR,TWHHR,,
CHMEY,CODEN,GBGLS,TWKAO,,
CHMUN,CODIA,GBGLU,TWLUJ,,
CHRUE,CODIL,GBGSG,TWTAI,,
CHWLB,CODNG,GBGTE,TWTAN,,
CLSAT,COEFA,GBHEL,TWTAU,,
CLSCL,COEGL,GBIVE,TWTCT,,
CLSTI,COFCL,GBLBZ,TWTEI,,
CN10H,COGJC,GBLEI,TWTNN,,
CN1NA,COGJU,GBLEY,TWTYA,,
CN27J,COGLE,GBLGB,TWYAU,,
CN530,COGNN,GBLIN,TWZHU,,
CNAGH,COGRA,GBLND,TWZIL,,
CNAME,COGRE,GBLNN,VNBND,,
CNBAO,COGYP,GBLTN,VNHCH,,
CNBEJ,COLAJ,GBMCH,VNHNI,,
CNBEN,COLMR,GBMNS,VNHNO,,
CNCGZ,COLON,GBNHA,VNHOC,,
CNCHG,COLOV,GBNOT,VNPVD,,
CNCHN,COMTR,GBNRM,VNTLS,,
CNCLH,COORA,GBNRW,YESAN,,
CNCOI,COPUE,GBNTA,,,
CNCSH,CORIF,GBNTG,,,
CNDAH,COSAL,GBNTW,,,
CNDAI,COSPI,GBNUE,,,
CNDNY,COSRG,GBOMA,,,
CNDOG,COSTM,GBREA,,,
CNDUA,COSTR,GBROD,,,
CNFDA1,COTRI,GBSED,,,
CNFOH,CTBIA,GBSHE,,,
CNFRR,CTDAN,GBSHF,,,
CNFZH,CTEFL,GBSHM,,,
CNGBO,CTHAF,GBSLH,,,
CNGDU,CTHAR,GBSLU,,,
CNGGH,CTNCH,GBSTA,,,
CNGGN,CTNIA,GBSTN,,,
CNGGZ,CTNLK,GBSTO,,,
CNGUU,CTNOR,GBSWA,,,
CNGZC,CTORA,GBTAM,,,
CNHEF,CTSHL,GBWAT,,,
CNHHA,CTSHN,GBWKF,,,
CNHNU,CTSTR,GBWOK,,,
CNHON,CTWAL,GGSTS,,,
CNHZH,CTWAT,GHACC,,,
CNHZN,CTWDR,GRATE,,,
CNHZU,CTWHA,GRKOP,,,
CNING,CTWIR,GRTHI,,,
CNJAN,CTWLO,HRVEL,,,
CNJAX,CTWSR,HRZGB,,,
CNJNY,DCNJA,HUBDP,,,
CNJUL,DCWSH,HUBRS,,,
CNKHA,DELAK,HUTHU,,,
CNLIU,DEMIL,HUVSS,,,
CNMEN,DENCE,IEATH,,,
CNNGA,DENCT,IEBAL,,,
CNNJ1,DENEW,IECOK,,,
CNNNT,DENWT,IECRK,,,
CNPSP,FLBAY,IEDBN,,,
CNQDA,FLBRA,IEDUI,,,
CNQGD,FLBRO,IEDUN,,,
CNQGO,FLCCC,IEFIN,,,
CNQHU,FLCHI,IEFNG,,,
CNQID,FLCLE,IEGAL,,,
CNQND,FLCOC,IELMR,,,
CNQUZ,FLDAY,IENRB,,,
CNSAA,FLDEE,IESHN,,,
CNSEE,FLDFB,IESLI,,,
CNSGI,FLDVP,IESNA,,,
CNSH6,FLEAD,IESWD,,,
CNSH7,FLELA,IESWO,,,
CNSNX,FLELT,IETRA,,,
CNSPR,FLFGL,IEWAR,,,
CNST8,FLFMB,ILBSH,,,
CNSUH,FLFMS,ILHAI,,,
CNSZ1,FLFOM,ILLOD,,,
CNTAJ,FLFRL,ILMOD,,,
CNTIN,FLFRO,ISKEL,,,
CNWAN,FLFTL,ITAOI,,,
CNWUI,FLFTM,ITARZ,,,
CNWUN,FLFTP,ITBER,,,
CNWXI,FLFTW,ITBLG,,,
CNWZH,FLGAI,ITBLQ,,,
CNXAN,FLHIA,ITBRC,,,
CNYIN,FLHLH,ITBRG,,,
CNYYR1,FLHOL,ITBRS,,,
CNZHH,FLIMI,ITCPI,,,
CNZHS,FLISL,ITCTL,,,
COALA,FLJAC,ITCVM,,,
COARO,FLJAI,ITFRM,,,
COAUO,FLJAK,ITGAL,,,
COBGT,FLJSV,ITGRA,,,
COBOU,FLKEY,ITLAE,,,
COBTA,FLLAK,ITLIS,,,
COBUR,FLLAN,ITLUR,,,
COCAL,FLLDL,ITLVR,,,
COCAN,FLLDO,ITMIL,,,
COCMR,FLLEE,ITMIO,,,
COCOL,FLLKW,ITMLA,,,
CODEN,FLLMY,ITMPA,,,
CODIA,FLLON,ITNVR,,,
CODIL,FLLWA,ITOME,,,
CODNG,FLMEL,ITPAR,,,
COEGL,FLMIA,ITPIA,,,
COFNZ,FLMIS,ITPLE,,,
COFZA,FLMMA,ITPRT,,,
COGJC,FLMMI,ITROA,,,
COGLE,FLMNW,ITROM,,,
COGNN,FLN17,ITSFI,,,
COGRA,FLNAP,ITTES,,,
COGRE,FLOAD,ITTOR,,,
COGYP,FLOAN,ITVCN,,,
COLAJ,FLOAO,ITVER,,,
COLMR,FLOCA,ITVIM,,,
COLON,FLOCL,ITVZA,,,
COLOV,FLOCO,JEHEL,,,
COMDN,FLONR,JOAMN,,,
COMED,FLOR1,KRSNG,,,
COMTR,FLORL,LBBEI,,,
COORA,FLORO,LTBRU,,,
COOTA,FLPAN,LTTLT,,,
COPUE,FLPCA,LTVIL,,,
CORIF,FLPEN,LULUM,,,
COSAL,FLPIN,LVRIX,,,
COSRG,FLPNA,LYTRP,,,
COSTM,FLPOC,MAANC,,,
COSTR,FLPOR,MACBL,,,
COTRI,FLPPO,MAMOH,,,
CRAJE,FLPSL,MDCHS,,,
CRALA,FLRIV,MEPOD,,,
CRHER,FLRSW,MTLQA,,,
CRSAN,FLRVB,NGABU,,,
CRSJO,FLSAR,NGBEN,,,
CTBIA,FLSTA,NGENU,,,
CTDAN,FLSTU,NGIBA,,,
CTHAR,FLTAB,NGIKE,,,
CTNCH,FLTAI,NGJOS,,,
CTNIA,FLTAL,NGKAD,,,
CTNLK,FLTAM,NGKAN,,,
CTNOR,FLTAP,NGLAS,,,
CTORA,FLTCI,NGMMI,,,
CTSTR,FLTSE,NGOWE,,,
CTWAL,FLVLE,NGPHC,,,
CTWAT,FLVRO,NLAMS,,,
CTWIR,FLW36,NLAPO,,,
CTWLO,FLWPB,NLEDN,,,
CTWSR,FLWRD,NLEND,,,
CZBNO,GAAIR,NLHAG,,,
CZGUE,GAALB,NLHEE,,,
CZOSV,GAART,NLHFP,,,
CZPGE,GAATH,NLHOO,,,
CZPNS,GAATL,NLHRK,,,
CZPRG,GAATT,NLRMD,,,
DCNJA,GAAUG,NLROM,,,
DCWSH,GABCF,NLROR,,,
DEACC,GABFO,NLRTE,,,
DEALL,GABNY,NLRTT,,,
DEBAM,GABRU,NLSHP,,,
DEBAT,GABUT,NLTBU,,,
DEBEN,GACAI,NLTNL,,,
DEBIN,GACAR,NLUHT,,,
DEBLD,GACOL,NLVEN,,,
DEBLN,GACRL,NLVEO,,,
DEBLS,GADAL,NLVNL,,,
DEBON,GADTH,NOGAR,,,
DEBRA,GADUH,NOOLO,,,
DEBRE,GAFAY,OMCAT,,,
DEBUT,GAFOR,PKKAI,,,
DECGE,GAFPA,PKKRC,,,
DECOL,GAFRP,PKKRH,,,
DECRA,GAGEO,PKLAE,,,
DEDAH,GAGPR,PKLHR,,,
DEDIT,GAGRI,PKRWP,,,
DEDUS,GAHAL,PKSLK,,,
DEESF,GAJEF,PLAKO,,,
DEESH,GAKNN,PLBBL,,,
DEEWE,GALAG,PLBLI,,,
DEFEC,GALTA,PLBLP,,,
DEFKR,GALWR,PLBLY,,,
DEFRE,GAMAC,PLBYG,,,
DEFRI,GAMAT,PLCZT,,,
DEGAR,GAMAV,PLGDA,,,
DEGER,GAMRW,PLGRW,,,
DEGIE,GAPLE,PLKLS,,,
DEGIM,GAPOO,PLKOZ,,,
DEGRB,GARIN,PLLDZ,,,
DEGRO,GAROM,PLLEC,,,
DEHBG,GAROS,PLMAT,,,
DEHED,GARSW,PLMIR,,,
DEHER,GASAV,PLMYS,,,
DEHME,GASAW,PLOPO,,,
DEHMN,GASCR,PLOZN,,,
DEICT,GASNA,PLPAN,,,
DEISE,GASNH,PLPCK,,,
DEKAI,GASTA,PLPIA,,,
DEKAR,GASWA,PLPON,,,
DEKAS,GATFT,PLPYR,,,
DEKEM,GATHM,PLRDO,,,
DEKIE,GATIF,PLRZK,,,
DEKIR,GATLA,PLRZZ,,,
DEKLI,GATLN,PLSAD,,,
DEKLS,GAUNA,PLSBZ,,,
DEKOL,GAVAL,PLSCC,,,
DEKON,GAVDO,PLSIT,,,
DEKRE,GAWAR,PLSKR,,,
DEKRI,GAWAY,PLSTR,,,
DELAG,GAWOO,PLSZ1,,,
DELAH,HIHLU,PLTRN,,,
DELAK,HIHUU,PLUMI,,,
DELAN,HIITO,PLWAA,,,
DELOB,HIKAH,PLWAR,,,
DEMCH,HIKHU,PLWAW,,,
DEMDG,HIKON,PLWCW,,,
DEMIL,HILIH,PLWKO,,,
DEMOM,HILUU,PLWRA,,,
DEMRG,IAAME,PLZAM,,,
DEMUC,IABUR,PLZOG,,,
DENCE,IACOR,PT125,,,
DENEU,IACR,PTLBA,,,
DENEW,IACRA,PTLDP,,,
DENHS,IACRD,PTLIS,,,
DENOT,IACRE,PTMAI,,,
DENRM,IACRR,ROCIA,,,
DENUR,IADAE,ROGRD,,,
DEOBL,IADAN,ROOPN,,,
DEOBT,IADAP,RSBEL,,,
DEOSC,IADAV,RUARY,,,
DEOTZ,IADEC,RUAZO,,,
DEPAD,IADES,RUBUM,,,
DEREI,IADME,RUKLN,,,
DEREN,IADSM,RUKRS,,,
DEROS,IADSN,RULED,,,
DESAA,IADSO,RUMOC,,,
DESCA,IADUB,RUMOW,,,
DESCH,IAFTD,RUNNO,,,
DESCK,IAGUT,RUNOO,,,
DETRO,IAHIA,RUNOV,,,
DEUEL,IAMAR,RURST,,,
DEULM,IAMAS,RUSMO,,,
DEUMK,IAOSK,RUSPE,,,
DEWAL,IAOTT,RUSTB,,,
DEWEN,IAREO,RUVKO,,,
DEWES,IASIO,RUVLD,,,
DEWIT,IASPE,SEARL,,,
DEWLL,IAWAT,SEBOL,,,
DEWOL,IAWTE,SEJAR,,,
DEWSL,IDBIS,SEJNK,,,
DEWUP,IDBOI,SEMOL,,,
DKAAB,IDBOS,SEMST,,,
DKAAU,IDCOE,SESKA,,,
DKCOP,IDGRN,SESTC,,,
DKCPN,IDHAI,SEVST,,,
DKVEJ,IDHEY,SILJU,,,
DOSAO,IDIFA,SKBLV,,,
DOSDG,IDLEW,SKBTV,,,
DOSDM,IDMCL,TGLOM,,,
DOSDN,IDMOU,TNRAD,,,
ECGYE,IDMRI,TNTTN,,,
ECNAQ,IDNAM,TRAFN,,,
ECQUO,IDPAY,TRANL,,,
ECUTO,IDPOA,TRANR,,,
EETNN,IDPOS,TRARD,,,
ESBCN,IDREX,TRART,,,
ESBIL,IDSND,TRBAL,,,
ESBRS,IDSOD,TRBUS,,,
ESMAI,IDSWY,TRCAN,,,
ESMAL,IDTWI,TRDAN,,,
ESMAN,ILADB,TRDEZ,,,
ESMAR,ILADD,TRDIB,,,
ESMCO,ILALT,TRDNA,,,
ESMDH,ILAS7,TRERM,,,
ESSEV,ILBDL,TRESH,,,
ESSFD,ILBED,TRGAN,,,
ESSVQ,ILBEL,TRIAU,,,
ESVTA,ILBES,TRIGA,,,
FIHLS,ILBLO,TRIMR,,,
FIHVN,ILCEN,TRISB,,,
FITAA,ILCST,TRISU,,,
FITMP,ILCWS,TRITB,,,
FLBAY,ILDAN,TRITL,,,
FLBRA,ILDCT,TRITU,,,
FLBRO,ILDEC,TRIZR,,,
FLCHI,ILDEK,TRKAS,,,
FLCLE,ILEGR,TRKAY,,,
FLCOC,ILFLN,TRKIR,,,
FLDAY,ILFRA,TRKOC,,,
FLDEE,ILFRE,TRKON,,,
FLDFB,ILGAL,TRKRS,,,
FLELA,ILHAR,TRLEV,,,
FLELT,ILHBA,TRMDK,,,
FLFGL,ILHDG,TRMUL,,,
FLFMS,ILHLL,TRSAM,,,
FLFRL,ILHOD,TRTEK,,,
FLFTL,ILJAC,TRTOK,,,
FLFTM,ILJEF,TRTRA,,,
FLFTP,ILJOL,TRYOZ,,,
FLFTW,ILKAN,UAKIV,,,
FLGAI,ILLPT,ZACEN,,,
FLHIA,ILMAR,ZACTO,,,
FLHOL,ILMAT,ZADUA,,,
FLIMI,ILMON,ZAJHB,,,
FLISL,ILMVE,ZAJNN,,,
FLJAC,ILNOR,ZAPTE,,,
FLJAI,ILOHA,,,,
FLJAK1,ILOLN,,,,
FLJSV,ILOSW,,,,
FLKEY,ILPAL,,,,
FLLAK,ILPEG,,,,
FLLDL,ILPEO,,,,
FLLDO,ILPER,,,,
FLLEE,ILPLA,,,,
FLLKW,ILPOA,,,,
FLLMY,ILQUI,,,,
FLLON,ILRFL,,,,
FLLWA,ILRKF,,,,
FLMEL,ILRKO,,,,
FLMIA,ILRLN,,,,
FLMIS,ILROC,,,,
FLMMI,ILROF,,,,
FLMNW,ILROK,,,,
FLN17,ILSDE,,,,
FLNAP,ILSHL,,,,
FLOAD,ILSHO,,,,
FLOAN,ILSPF,,,,
FLOAO,ILSPR,,,,
FLOCA,ILURB,,,,
FLOCL,ILWAB,,,,
FLOCO,ILWES,,,,
FLONR,INAND,,,,
FLOR1,INBLO,,,,
FLORL,INBOU,,,,
FLPAN,INCAS,,,,
FLPCA,INCEN,,,,
FLPEN,INCLA,,,,
FLPIN,INCOL,,,,
FLPNA,INCRA,,,,
FLPOC,INDIS,,,,
FLPOR,INELK,,,,
FLPPO,INESV,,,,
FLRIV,INEVA,,,,
FLRSW,INEVI,,,,
FLRVB,INFLD,,,,
FLSAR,INFTW,,,,
FLSTA,INFWE,,,,
FLSTU,INFYE,,,,
FLTAB,INHAM,,,,
FLTAI,INHMD,,,,
FLTAL,INHUN,,,,
FLTAP,INI16,,,,
FLTCI,INI74,,,,
FLVLE,INI81,,,,
FLVRO,INIAP,,,,
FLWPB,INIAS,,,,
FLWRD,INIDL,,,,
FRALV,INIIS,,,,
FRANG,INJFF,,,,
FRBES,INKOK,,,,
FRBOR,INLAF,,,,
FRBOU,INMAR,,,,
FRBRU,INMUN,,,,
FRCAE,INNOR,,,,
FRCDG,INPER,,,,
FRCHN,INPOL,,,,
FRCLE,INSBE,,,,
FRCRB,INSOB,,,,
FRCTL,INTER,,,,
FRENR,INVER,,,,
FRFON,INWAS,,,,
FRGRE,INWAT,,,,
FRLAC,INWES,,,,
FRLCU,INYOD,,,,
FRLEM,KSCOL,,,,
FRLIL,KSDGE,,,,
FRLIM,KSEMP,,,,
FRLSX,KSGAR,,,,
FRLYS,KSGER,,,,
FRMAR,KSGRE,,,,
FRMAU,KSHAY,,,,
FRMEJ,KSHUT,,,,
FRMGN,KSKAN,,,,
FRMRI,KSKCI,,,,
FRMUL,KSLAW,,,,
FRNAB,KSLEN,,,,
FRNCY,KSMAN,,,,
FRNIC,KSOPK,,,,
FRNSG,KSOTT,,,,
FRPLA,KSPAR,,,,
FRPLI,KSPIT,,,,
FRPOI,KSSAI,,,,
FRREM,KSSAL,,,,
FRROU,KSTCI,,,,
FRSAE,KSTOP,,,,
FRSAH,KSWCA,,,,
FRSAT,KSWCI,,,,
FRSJD,KSWIC,,,,
FRSJQ,KSWTA,,,,
FRSON,KYACD,,,,
FRSPL,KYAGB (KYARP),,,,
FRSQF,KYALD,,,,
FRSTJ,KYAPK (KYGRA),,,,
FRSTR,KYBGR,,,,
FRSWI,KYBLU,,,,
FRSWT,KYBON,,,,
FRTOR,KYBOW,,,,
FRTRO,KYBRK,,,,
FRTSE,KYCAM,,,,
FRVLP,KYCRT,,,,
GAAIR,KYDAN,,,,
GAALB,KYEBP,,,,
GAATH,KYELI,,,,
GAATL,KYFOU,,,,
GAATT,KYHAZ,,,,
GAAUG,KYHB1,,,,
GABNY,KYHBR,,,,
GABRU,KYHON,,,,
GABUT,KYHPV,,,,
GACAI,KYLEX,,,,
GACAR,KYLGN,,,,
GACOL,KYLON,,,,
GACRL,KYLXO,,,,
GADAL,KYMAD,,,,
GADTH,KYMAY,,,,
GADUH,KYNAN,,,,
GAFPA,KYNTP,,,,
GAFRP,KYOWE,,,,
GAGEO,KYPAD,,,,
GAGPR,KYPDU,,,,
GAGRI,KYPIK,,,,
GAHAL,KYPRE,,,,
GAJEF,KYPRS,,,,
GAKNN,KYSOM,,,,
GALAG,KYSPL,,,,
GALTA,KYSTA,,,,
GALWR,KYWON,,,,
GAMAC,KYWRW,,,,
GAMAV,LAALE,,,,
GAMRW,LABAK,,,,
GAPLE,LABTG,,,,
GARIN,LACOV,,,,
GAROM,LADEL,,,,
GAROS,LAEAR,,,,
GARSW,LAFTE,,,,
GASAV,LAGON,,,,
GASAW,LAHAM,,,,
GASCR,LAHAV,,,,
GASNA,LAHMA,,,,
GASNH,LAHMM,,,,
GASTA,LAKER,,,,
GASWA,LAKNR,,,,
GATFT,LALAF,,,,
GATIF,LALKC,,,,
GATLA,LAMON,,,,
GATLN,LANCH,,,,
GAUNA,LANEO,,,,
GAVAL,LANIB,,,,
GAWAR,LANOR,,,,
GAWAY,LANRL,,,,
GAWOO,LAOPE,,,,
GBAGN,LAPAL,,,,
GBATL,LAPOR,,,,
GBBAR,LARUS,,,,
GBBEV,LASHE,,,,
GBBLF,LASHR,,,,
GBBOD,LASPT,,,,
GBBOT,LASVP,,,,
GBBRG,MAASH,,,,
GBBTL,MAASS,,,,
GBBTO,MABOY,,,,
GBBUR,MABRO,,,,
GBBWA,MACHE,,,,
GBCAF,MACHS,,,,
GBCLS,MADAR,,,,
GBCOV,MAKSN,,,,
GBCRO,MALEO,,,,
GBCUM,MALOG,,,,
GBDAR,MALYN,,,,
GBDBY,MAMAL,,,,
GBDDE,MAMAV,,,,
GBDEE,MANKT,,,,
GBDEW,MANOR,,,,
GBDRB,MANRE,,,,
GBDRN,MAPIT,,,,
GBDWS,MASAG,,,,
GBEDR,MASBO,,,,
GBEMR,MASBR,,,,
GBEXE,MASDE,,,,
GBEXR,MASOM,,,,
GBFEL,MASOU,,,,
GBGAW,MASPG,,,,
GBGFR,MASPR,,,,
GBGLS,MAWAT,,,,
GBGLU,MAWAU,,,,
GBGSG,MAWLG,,,,
GBGTE,MAWOR,,,,
GBHEL,MAYAR,,,,
GBIVE,MDABR,,,,
GBLEI,MDBAL,,,,
GBLEY,MDBMR,,,,
GBLIN,MDBRE,,,,
GBLND,MDBTI,,,,
GBLTN,MDBUR,,,,
GBMCH,MDBWI,,,,
GBMNS,MDCUB,,,,
GBNHA,MDCUM,,,,
GBNOT,MDEAS,,,,
GBNRW,MDEKT,,,,
GBNTG,MDELR,,,,
GBNTW,MDFDE,,,,
GBNUE,MDFRE,,,,
GBREA,MDGAI,,,,
GBROD,MDHAG,,,,
GBSED,MDHUN,,,,
GBSHE,MDLAN,,,,
GBSHF,MDLDC,,,,
GBSHM,MDLND,,,,
GBSLH,MDNNA,,,,
GBSLU,MDPEN,,,,
GBSTA,MDQUA,,,,
GBSTO,MDROA,,,,
GBSWA,MDSAL,,,,
GBTAM,MDSAV,,,,
GBWAT,MDWAL,,,,
GBWKF,MDWIL,,,,
GBWOK,MEAUB,,,,
GRATE,MEBAN,,,,
GRKOP,MECLA,,,,
GRTHI,MECON,,,,
GTGUE,MEHOL,,,,
GTGUL1-PGUA182,MEPOR,,,,
GTGUM,MEPRE,,,,
HIHLU,MEROC,,,,
HIHUU,MESCA,,,,
HIITO,MEWAT,,,,
HIKAH,MEWEL,,,,
HIKHU,MIADR,,,,
HIKON,MIALP,,,,
HILIH,MIBCK,,,,
HKCHE,MIBES,,,,
HKCLK,MIBGR,,,,
HKHCH,MIBRK,,,,
HKHKN,MICAD,,,,
HKHKO,MICDI,,,,
HKKCH,MICIC,,,,
HKKOW,MICSC,,,,
HKSHK,MIDTW,,,,
HNSNP,MIESC,,,,
HUBDP,MIFLI,,,,
HUBRS,MIGAY,,,,
HUTHU1-PBUD1124,MIGNR,,,,
HUVSS,MIGRI,,,,
IAAME,MIGRN,,,,
IABUR,MIHGT,,,,
IACOR,MIHOW,,,,
IACRA,MIINT,,,,
IACRE,MIIRM,,,,
IADAV,MIJAC,,,,
IADEC,MIJOS,,,,
IADES,MIKAL,,,,
IADME,MILAN,,,,
IADSN,MILAR,,,,
IADUB,MILIV,,,,
IAFTD,MILUD,,,,
IAHIA,MILVI,,,,
IAMAR,MIMAD,,,,
IAMAS,MIMAR,,,,
IAOSK,MIMIL,,,,
IAOTT,MIMON,,,,
IAREO,MIMTP,,,,
IASIO,MIMUS,,,,
IASPE,MIORI,,,,
IAWAT,MIPET,,,,
IAWTE,MIPID,,,,
IDBOI,MIPON,,,,
IDBOS,MIPOR,,,,
IDCOE,MIRLS,,,,
IDGRN,MIROY,,,,
IDHAI,MIRUD,,,,
IDHEY,MIRUS,,,,
IDIFA,MIRUU,,,,
IDJAR,MISAG,,,,
IDJAT,MISFD,,,,
IDLEW,MISGI,,,,
IDMCL,MISHE,,,,
IDMOU,MITAY,,,,
IDMRI,MITCY,,,,
IDNAM,MIWBR,,,,
IDPAY,MIWIX,,,,
IDPOA,MIWOO,,,,
IDREX,MIYPS,,,,
IDRTA,MNAHL,,,,
IDSND,MNALB,,,,
IDSOD,MNALE,,,,
IDSWY,MNBEM,,,,
IDTWI,MNBLA,,,,
IEBAL,MNBRA,,,,
IECRK,MNBRK,,,,
IEDBN,MNDET,,,,
IEDUI,MNDUL,,,,
IEDUN,MNEGN,,,,
IENRB,MNFAI,,,,
IESHN,MNFER,,,,
ILADD,MNGLE,,,,
ILALT,MNGRA,,,,
ILAS7,MNGUN,,,,
ILBDL,MNINT,,,,
ILBEL,MNISA,,,,
ILCEN,MNMIN,,,,
ILCST,MNMNK,,,,
ILCWS,MNMOR,,,,
ILDAN,MNMPL,,,,
ILDCT,MNMTP,,,,
ILDEC,MNOWA,,,,
ILDEK,MNRCS,,,,
ILEGR,MNREW,,,,
ILFLN,MNROC,,,,
ILFRA,MNSHA,,,,
ILFRE,MNSLA,,,,
ILGAL,MNSPH,,,,
ILHAR,MNSTC,,,,
ILHBA,MNSTJ,,,,
ILHDG,MNTHE,,,,
ILHLL,MNVIR,,,,
ILHOD,MNWAD,,,,
ILJAC,MNWIL,,,,
ILJEF,MNWIN,,,,
ILJOL,MOAPP,,,,
ILKAN,MOBER,,,,
ILLOD,MOBOW,,,,
ILLPT,MOCAM,,,,
ILMAR,MOCAP,,,,
ILMAT,MOCHI,,,,
ILMON,MOCLU,,,,
ILMVE,MOCOL,,,,
ILNOR,MOCRY,,,,
ILOHA,MOEAR,,,,
ILOLN,MOERT,,,,
ILOSW,MOFAR,,,,
ILPAL,MOFEN,,,,
ILPEG,MOFRS,,,,
ILPEO,MOHIG,,,,
ILPER,MOHOL,,,,
ILPLA,MOJEF,,,,
ILQUI,MOJFT,,,,
ILRFL,MOJOP,,,,
ILRKF,MOKAN,,,,
ILRKO,MOKIR,,,,
ILRLN,MOLAR,,,,
ILROC,MOMCI,,,,
ILROK,MONCA,,,,
ILSHL,MOPAL,,,,
ILSHO,MOPVR,,,,
ILSPR,MORLA,,,,
ILURB,MORLL,,,,
ILWAB,MOSAL,,,,
ILWES,MOSDG,,,,
IN1PN,MOSED,,,,
INACC,MOSKE,,,,
INAND,MOSLI,,,,
INBAI,MOSPA,,,,
INBGA,MOSPD,,,,
INBLO,MOSPG,,,,
INBOU,MOSPM,,,,
INCAS,MOSPN,,,,
INCEN,MOSTJ,,,,
INCLA,MOSTL,,,,
INCNI,MOTHR,,,,
INCOL,MOUNN,,,,
INCRA,MOWIL,,,,
INELK,MSBAT,,,,
INESV,MSBLL,,,,
INEVA,MSBOO,,,,
INFLD,MSCOL,,,,
INFTW,MSFUL,,,,
INFYE,MSGLF,,,,
INHAM,MSGRE,,,,
INHMD,MSGRV,,,,
INHUN,MSGUL,,,,
INI16,MSHAT,,,,
INI74,MSHER,,,,
INI81,MSJAC,,,,
INIAS,MSJKN,,,,
INIDL,MSJKO,,,,
INIIS,MSKOS,,,,
INKOK,MSLAU,,,,
INLAF,MSMCC,,,,
INMAR,MSMER,,,,
INMMU,MSNAT,,,,
INMUA,MSPAS,,,,
INMUN,MSPER,,,,
INMVR,MSPRI,,,,
INNLI,MSTPL,,,,
INNOR,MSTUP,,,,
INOKH,MSVIC,,,,
INPOL,MTBIL,,,,
INSBE,MTBLG,,,,
INSOB,MTBUT,,,,
INTER,MTBZE,,,,
INUNE,MTBZM,,,,
INVER,MTCUT,,,,
INWAS,MTGLE,,,,
INWAT,MTGTF,,,,
INWES,MTHAV,,,,
INYDR,MTHEL,,,,
INYOD,MTKAL,,,,
ITAOI,MTLEW,,,,
ITARZ,MTLIB,,,,
ITBER,MTLOG,,,,
ITBLG,MTLOK,,,,
ITBLQ,MTMIL,,,,
ITBRS,MTMIS,,,,
ITCPI,MTWOL,,,,
ITCTL,NCASE,,,,
ITCVM,NCASH,,,,
ITFIR,NCBUT,,,,
ITGAL,NCCGO,,,,
ITGRA,NCCHA,,,,
ITLAE,NCCHL,,,,
ITLUR,NCCHP,,,,
ITLVR,NCCLO,,,,
ITMIL,NCCLT,,,,
ITMLA,NCCON,,,,
ITOME,NCDHM,,,,
ITPAR,NCDUH,,,,
ITPLE,NCDUR,,,,
ITROA,NCEDE,,,,
ITROM,NCFAY,,,,
ITSFI,NCFRA,,,,
ITTES,NCFYE,,,,
ITTOR,NCGAS,,,,
ITVCN,NCGEB,,,,
ITVER,NCGOL,,,,
ITVIM,NCGOO,,,,
JEHEL.mynet,NCGRE,,,,
JMKNN,NCGRV,,,,
JPAKA,NCGSB,,,,
JPAZA,NCGST,,,,
JPKAM,NCHAV,,,,
JPKIX,NCHEN,,,,
JPKSK,NCHIG,,,,
JPMKU,NCHIK,,,,
JPNRT,NCJAC,,,,
JPOAK,NCKAN,,,,
JPPPN,NCKIN,,,,
JPRVR,NCKIS,,,,
JPSHN,NCKVL,,,,
JPTKU,NCLEN,,,,
KRINC,NCLUM,,,,
KRMLL,NCMAN,,,,
KRSDG,NCMBN,,,,
KSCOL,NCMON,,,,
KSDGE,NCMRS,,,,
KSEMP,NCNGS,,,,
KSGAR,NCONE,,,,
KSGER,NCRAD,,,,
KSGRE,NCRAI,,,,
KSHAY,NCRAL,,,,
KSHUT,NCRGH,,,,
KSKAN,NCRLI,,,,
KSKCI,NCROC,,,,
KSLAW,NCSAL,,,,
KSLEN,NCSHE,,,,
KSMAN,NCSOU,,,,
KSOTT,NCSTA,,,,
KSPAR,NCSYL,,,,
KSPIT,NCWCH,,,,
KSSAL,NCWIL,,,,
KSTCI,NCWIN,,,,
KSTOP,NCWLK,,,,
KSWCA,NCWMG,,,,
KSWCI,NDANO,,,,
KSWIC,NDBIS,,,,
KYALD,NDBSM,,,,
KYAPK,NDDEV,,,,
KYBGR,NDDIC,,,,
KYBLU,NDFAR,,,,
KYBON,NDGRA,,,,
KYBOW,NDJAM,,,,
KYBRK,NDMAV,,,,
KYCAM,NDMIN,,,,
KYCRT,NDPBA,,,,
KYDAN,NDPEM,,,,
KYEBP,NDWIL,,,,
KYELI,NEAIR,,,,
KYFOU,NEALL,,,,
KYHAZ,NEAUB,,,,
KYHBR,NEBEA,,,,
KYHON,NEBRO,,,,
KYHPV,NECOL,,,,
KYLEX,NEGRA,,,,
KYLGN,NEHAS,,,,
KYLON,NEKEA,,,,
KYLXO,NELIN,,,,
KYMAD,NEMCC,,,,
KYMAY,NEMHA,,,,
KYOWE,NENOR,,,,
KYPAD,NENPL,,,,
KYPDU,NEOAH,,,,
KYPIK,NEOFS,,,,
KYPRE,NEOMA,,,,
KYPRS,NEONE,,,,
KYSOM,NESCO,,,,
KYSPL,NESEY,,,,
KYSTA,NESID,,,,
KYWON,NEVAL,,,,
KYWRW,NHDOV,,,,
LAALE,NHFRA,,,,
LABAK,NHKEN,,,,
LABTG,NHLAC,,,,
LACOV,NHLDO,,,,
LADEL,NHLDR,,,,
LAEAR,NHMAN,,,,
LAFTE,NHMHT,,,,
LAGON,NHMST,,,,
LAHAM,NHNAH,,,,
LAHAV,NHNAS,,,,
LAHMA,NHTWI,,,,
LAKER,NJBBX,,,,
LAKNR,NJBOP,,,,
LALAF,NJBOU,,,,
LALKC,NJBRW,,,,
LAMON,NJCRT,,,,
LANCH,NJCTT,,,,
LANIB,NJEDI,,,,
LANOR,NJEDS,,,,
LANRL,NJESO,,,,
LAOPE,NJGOU,,,,
LAPOR,NJLAK,,,,
LARUS,NJLAW,,,,
LASHE,NJLDH,,,,
LASHR,NJLGN,,,,
LASVP,NJLYN,,,,
LULUM,NJMEA,,,,
LVRIX,NJMOO,,,,
MABOY,NJMTO,,,,
MABRO,NJMWL,,,,
MACHE,NJNAK,,,,
MACHS,NJNWK,,,,
MADAR,NJOMN,,,,
MAKSN,NJPAR,,,,
MALEO,NJPLE,,,,
MALOG,NJPNS,,,,
MALYN,NJPRS,,,,
MAMAL,NJSAD,,,,
MAMAV,NJSBR,,,,
MANKT,NJSBS,,,,
MANOR,NJSWB,,,,
MANRE,NJTIN,,,,
MAPIT,NJTRN,,,,
MASAG,NJVIN,,,,
MASBO,NMAIR,,,,
MASDE,NMALA,,,,
MASOM,NMALB,,,,
MASPG,NMALQ,,,,
MASPR,NMAQR,,,,
MAWAT,NMAQU,,,,
MAWAU,NMASP,,,,
MAWLG,NMCAR,,,,
MAWOR,NMCLO,,,,
MAYAR,NMCUB,,,,
MBWIN,NMDEM,,,,
MBWIP,NMFAR,,,,
MBWNI,NMGAL,,,,
MBYWG,NMGRA,,,,
MDBMR,NMHOB,,,,
MDBRE,NMLAS,,,,
MDBUR,NMLSV,,,,
MDBWI,NMROS,,,,
MDCHS,NMSFE,,,,
MDCUB,NMSLC,,,,
MDCUM,NMSOC,,,,
MDEAS,NMSPR,,,,
MDEKT,NMTAO,,,,
MDELR,NMTRU,,,,
MDFDE,NMTUC,,,,
MDFRE,NVACC,,,,
MDGAI,NVACW,,,,
MDHAG,NVCAM,,,,
MDHUN,NVELI,,,,
MDLAN,NVELK,,,,
MDLDC,NVFAL,,,,
MDPEN,NVLAS,,,,
MDQUA,NVLSG,,,,
MDSAL,NVLSV,,,,
MDSAV,NVLVA,,,,
MDWAL,NVLVE,,,,
MDWIL,NVNOV,,,,
MEAUB,NVREO,,,,
MEBAN,NVRN1,,,,
MECLA,NVRNO,,,,
MEHOL,NVSTE,,,,
MEPOR,NVSUR,,,,
MEPRE,NVTDR,,,,
MEROC,NVTON,,,,
MESCA,NVWNA,,,,
MEWAT,NY43R,,,,
MEWEL,NYACO,,,,
MIADR,NYALB,,,,
MIALP,NYALL,,,,
MIBCK,NYAMS,,,,
MIBES,NYBAT,,,,
MIBGR,NYBFF,,,,
MIBRK,NYBGH,,,,
MICAD,NYBHT,,,,
MICDI,NYBIN,,,,
MICIC,NYBLA,,,,
MICSC,NYBNG,,,,
MIDTW,NYBRK,,,,
MIESC,NYBRU,,,,
MIFLI,NYBSH,,,,
MIGAY,NYBUF,,,,
MIGNR,NYBWN,,,,
MIGRI,NYCCO,,,,
MIGRN,NYCHE,,,,
MIHGT,NYCHM,,,,
MIHOW,NYCHO,,,,
MIINT,NYCHP,,,,
MIIRM,NYCHT,,,,
MIJAC,NYCOR,,,,
MIJOS,NYCOX,,,,
MIKAL,NYDUN,,,,
MILAN,NYEDG,,,,
MILAR,NYEGW,,,,
MILIV,NYELF,,,,
MILUD,NYELM,,,,
MILVI,NYEMR,,,,
MIMAD,NYESR,,,,
MIMAR,NYESY,,,,
MIMON,NYFOS,,,,
MIMTP,NYFRD,,,,
MIMUS,NYFSL,,,,
MIPET,NYFTR,,,,
MIPON,NYGEN,,,,
MIPOR,NYGLE,,,,
MIRLS,NYHAN,,,,
MIRUD,NYHEN,,,,
MIRUS,NYHOR,,,,
MIRUU,NYHUD,,,,
MISAG,NYITH,,,,
MITAY,NYJAM,,,,
MITCY,NYJER,,,,
MIWBR,NYJIC,,,,
MIWIX,NYKEN,,,,
MIWOO,NYKIN,,,,
MIYPS,NYLBA,,,,
MNAHL,NYLIB,,,,
MNALB,NYLIC,,,,
MNALE,NYLOC,,,,
MNBEM,NYLTM,,,,
MNBLA,NYMAE,,,,
MNBRA,NYMAN,,,,
MNBRK,NYMAS,,,,
MNDET,NYMEL,,,,
MNDUL,NYMNS,,,,
MNEGN,NYMON,,,,
MNFAI,NYMTV,,,,
MNFER,NYNAN,,,,
MNGLE,NYNAS,,,,
MNGRA,NYNIA,,,,
MNGUN,NYNSY,,,,
MNINT,NYNWR,,,,
MNISA,NYONE,,,,
MNMIN,NYPKP,,,,
MNMNK,NYPLB,,,,
MNMOR,NYPOT,,,,
MNMPL,NYPOU,,,,
MNMTP,NYPPD,,,,
MNOWA,NYRHE,,,,
MNREW,NYRHS,,,,
MNROC,NYROC,,,,
MNSLA,NYROM,,,,
MNSPH,NYSGA,,,,
MNSTC,NYSPR,,,,
MNSTJ,NYSPV,,,,
MNTHE,NYSTI,,,,
MNVIR,NYSUF,,,,
MNWAD,NYSYR,,,,
MNWIL,NYTNA,,,,
MNWIN,NYTRA,,,,
MOAPP,NYUTI,,,,
MOBER,NYW44,,,,
MOBOW,NYWBS,,,,
MOCAM,NYWIN,,,,
MOCAP,NYYON,,,,
MOCHI,NYYOR,,,,
MOCLU,OHAKR,,,,
MOCOL,OHATH,,,,
MOCRY,OHAUS,,,,
MOEAR,OHBRE,,,,
MOFAR,OHBRI,,,,
MOFEN,OHCAN,,,,
MOFRS,OHCBS,,,,
MOHIG,OHCEL,,,,
MOHOL,OHCGE,,,,
MOJEF,OHCGF,,,,
MOJOP,OHCHI,,,,
MOKIR,OHCIT,,,,
MOLAR,OHCLE,,,,
MOMCI,OHCLS,,,,
MONCA,OHCOL,,,,
MOPAL,OHCTH,,,,
MOPVR,OHCUU,,,,
MORLA,OHCVE,,,,
MOSAL,OHDAY,,,,
MOSED,OHDEF,,,,
MOSKE,OHDEL,,,,
MOSLI,OHDYO,,,,
MOSPA,OHELY,,,,
MOSPG,OHFIN,,,,
MOSPM,OHFRF,,,,
MOSPN,OHFRM,,,,
MOSTJ,OHHAM,,,,
MOSTL,OHHHT,,,,
MOTHR,OHLAN,,,,
MOUNN,OHLCK,,,,
MOWIL,OHLIM,,,,
MSBAT,OHMAH,,,,
MSBOO,OHMAN,,,,
MSCOL,OHMAR,,,,
MSGRE,OHMAS,,,,
MSGRV,OHMHI,,,,
MSGUL,OHMHT,,,,
MSHAT,OHMID,,,,
MSHER,OHMRN,,,,
MSJAC,OHMWR,,,,
MSJKN,OHNEW,,,,
MSJKO,OHNPH,,,,
MSKOS,OHPIQ,,,,
MSLAU,OHPOR,,,,
MSMCC,OHRIC,,,,
MSMER,OHSAN,,,,
MSNAT,OHSHA,,,,
MSPAS,OHSHE,,,,
MSPER,OHSHN,,,,
MSTPL,OHSPF,,,,
MSTUP,OHSTC,,,,
MSVIC,OHTLO,,,,
MTBIL,OHTLR,,,,
MTBLG,OHTOL,,,,
MTBUT,OHTRA,,,,
MTBZE,OHTRU,,,,
MTCUT,OHURB,,,,
MTGLE,OHVLA,,,,
MTGTF,OHVNA,,,,
MTHAV,OHWAD,,,,
MTHEL,OHWES,,,,
MTKAL,OHWIM,,,,
MTLEW,OHWLN,,,,
MTLIB,OHWOO,,,,
MTLOG,OHWTC,,,,
MTLQA,OHWTN,,,,
MTMIL,OHZAN,,,,
MTMIS,OKALT,,,,
MTWOL,OKARD,,,,
MXBEN,OKCLI,,,,
MXCDJ,OKDUR,,,,
MXCHA,OKENI,,,,
MXCIU,OKGUY,,,,
MXCLM,OKLAW,,,,
MXCTY,OKLCU,,,,
MXGLA,OKMCA,,,,
MXGUA,OKMUS,,,,
MXGUL,OKOHA,,,,
MXJMP,OKOKL,,,,
MXMCT,OKOKM,,,,
MXMOT,OKPON,,,,
MXMRD,OKSAL,,,,
MXMRR,OKSHA,,,,
MXMTR,OKSTI,,,,
MXNAU,OKTLA,,,,
MXTIJ,OKTSA,,,,
MXTOL,OKTUA,,,,
MYGTW,OKTUL,,,,
MYKLI,OKULS,,,,
MYPNA,OKVIN,,,,
MYPNN,OKWOO,,,,
MYSHL,ORAIR,,,,
MYSNG,ORALD,,,,
MYTAM,ORBAK,,,,
NBDIP,ORBEA,,,,
NBFRE,ORBRN,,,,
NBFRN,ORBTN,,,,
NBMON,ORCOR,,,,
NBSNJ,ORDES,,,,
NCASE,ORENE,,,,
NCASH,OREUG,,,,
NCBUT,ORFLO,,,,
NCCGO,ORGEN,,,,
NCCHA,ORGPA,,,,
NCCHL,ORGRA,,,,
NCCHP,ORHAR,,,,
NCCLT,ORHLL,,,,
NCCON,ORHRM,,,,
NCDHM,ORHST,,,,
NCDUH,ORJOH,,,,
NCDUR,ORKLA,,,,
NCEDE,ORLGN,,,,
NCFAY,ORMED,,,,
NCFRA,ORNBE,,,,
NCGAS,ORNPT,,,,
NCGEB,ORNRA,,,,
NCGOL,ORORL,,,,
NCGRE,ORORT,,,,
NCGRV,ORPCC,,,,
NCGSB,ORPEN,,,,
NCHAV,ORPOA,,,,
NCHEN,ORPOR,,,,
NCHIG,ORROS,,,,
NCHIK,ORSAL,,,,
NCJAC,ORSPR,,,,
NCKIN,ORTHE,,,,
NCKIS,ORTLM,,,,
NCLEN,ORTUA,,,,
NCLUM,ORWAR,,,,
NCMAN,PAADA,,,,
NCMON,PAAIR,,,,
NCMRS,PAALI,,,,
NCNGS,PAALN,,,,
NCONE,PAALT,,,,
NCRAD,PABEA,,,,
NCRAI,PABHL,,,,
NCRAL,PABHM,,,,
NCRGH,PABNS,,,,
NCRLI,PABTN,,,,
NCROC,PACAS,,,,
NCSAL,PACHA,,,,
NCSHE,PACHL,,,,
NCSOU,PACTR,,,,
NCSTA,PACTW,,,,
NCSYL,PADUB,,,,
NCWIL,PAERI,,,,
NCWIN,PAEST,,,,
NCWLK,PAETO,,,,
NCWMG,PAEWR,,,,
NDBIS,PAFDM,,,,
NDDEV,PAFRA,,,,
NDDIC,PAGET,,,,
NDFAR,PAHAI,,,,
NDGRA,PAHAR,,,,
NDJAM,PAHOM,,,,
NDMIN,PAHRS,,,,
NDPEM,PAHZL,,,,
NDWIL,PAIND,,,,
NEAIR,PAJOH,,,,
NEALL,PAKAN,,,,
NEAUB,PAKUT,,,,
NEBEA,PALAC,,,,
NEBRO,PALAN,,,,
NECOL,PALEW,,,,
NEGRA,PAMBG1,,,,
NEHAS,PAMBG2,,,,
NEKEA,PAMBG3,,,,
NELIN,PAMDD,,,,
NEMCC,PAMDT,,,,
NEMHA,PAMDW,,,,
NENOR,PAMEA,,,,
NENPL,PAMOR,,,,
NEOAH,PAMOT,,,,
NEOFS,PAMPL,,,,
NEOMA,PAMTL,,,,
NEONE,PANCA,,,,
NESCO,PANKE,,,,
NESID,PANST,,,,
NGLAS,PAOFO,,,,
NHDOV,PAPAV,,,,
NHKEN,PAPHA,,,,
NHLAC,PAPHH,,,,
NHLDO,PAPHI,,,,
NHLDR,PAPOT,,,,
NHMHT,PAPSB,,,,
NHNAH,PAREA,,,,
NHTWI,PASCA,,,,
NIMAA,PASCN,,,,
NIMAG,PASCR,,,,
NJBBX,PASNL,,,,
NJBOP,PASTA,,,,
NJBOU,PASTO,,,,
NJBRW,PASTR,,,,
NJCRT,PASUN,,,,
NJCTT,PATHO,,,,
NJEDI,PATST,,,,
NJEDS,PAUNI,,,,
NJGOU,PAWAS,,,,
NJLAK,PAWES,,,,
NJLAW,PAWLB,,,,
NJLDH,PAWLG,,,,
NJLGN,PAWLL,,,,
NJLYN,PAYOR,,,,
NJMEA,PAYRK,,,,
NJMOO,PAZEL,,,,
NJMTO,PRARE,,,,
NJMWL,PRBYM,,,,
NJNAK,PRCAG,,,,
NJNWK,PRGAY,,,,
NJOMN,PRMAY,,,,
NJPLE,PRMGZ,,,,
NJPNS,PRPNC,,,,
NJSAD,PRSJU,,,,
NJSBR,PRTBJ,,,,
NJSBS,QSAIR1,,,,
NJSWB,QSAIR2,,,,
NJTIN,QSUS1,,,,
NJTRN,QSUS10,,,,
NJVIN,QSUS11,,,,
NLAMS,QSUS12,,,,
NLAPO,QSUS13,,,,
NLEDN,QSUS14,,,,
NLEND,QSUS15,,,,
NLEVN,QSUS16,,,,
NLHAG,QSUS17,,,,
NLHEE,QSUS18,,,,
NLHOO,QSUS19,,,,
NLHRK,QSUS2,,,,
NLMPL,QSUS20,,,,
NLRMD,QSUS21,,,,
NLROM,QSUS22,,,,
NLROR,QSUS23,,,,
NLRTE,QSUS24,,,,
NLRTT,QSUS25,,,,
NLSHP,QSUS26,,,,
NLTNL1-PGRQ114,QSUS27,,,,
NLUHT,QSUS28,,,,
NLVEN,QSUS29,,,,
NLVEO,QSUS3,,,,
NLVNL,QSUS30,,,,
NMAIR,QSUS31,,,,
NMALA,QSUS32,,,,
NMALB,QSUS33,,,,
NMALQ,QSUS34,,,,
NMAQU,QSUS35,,,,
NMASP,QSUS36,,,,
NMCAR,QSUS37,,,,
NMCLO,QSUS38,,,,
NMCUB,QSUS39,,,,
NMDEM,QSUS4,,,,
NMFAR,QSUS40,,,,
NMGAL,QSUS41,,,,
NMGRA,QSUS42,,,,
NMHOB,QSUS5,,,,
NMLAS,QSUS6,,,,
NMLSV,QSUS7,,,,
NMROS,QSUS8,,,,
NMSLC,QSUS9,,,,
NMSOC,RILIN,,,,
NMSPR,RIPRO,,,,
NMTAO,RITFG,,,,
NMTRU,SCAIK,,,,
NMTUC,SCAKN,,,,
NOGAR,SCAND,,,,
NOOLO,SCBEA,,,,
NSDAT,SCCAE,,,,
NSDMH,SCCHA,,,,
NSSDY,SCCHS,,,,
NSTRR,SCCLA,,,,
NVACC,SCCOL,,,,
NVACW,SCECD,,,,
NVELI,SCEER,,,,
NVELK,SCFLN,,,,
NVFAL,SCFLO,,,,
NVLAS,SCGFN,,,,
NVLSG,SCGLL,,,,
NVLVA,SCGNY,,,,
NVLVE,SCGRE,,,,
NVNOV,SCGRV,,,,
NVRN1,SCHIL,,,,
NVRNO,SCLAN,,,,
NVSTE,SCMYR,,,,
NVSUR,SCNAU,,,,
NVTDR,SCNCT,,,,
NVTON,SCORA,,,,
NVWNA,SCROC,,,,
NY43R,SCSMT,,,,
NYACO,SCSMV,,,,
NYALB,SCSPA,,,,
NYALL,SCTON,,,,
NYAMS,SCWCO,,,,
NYBAT,SCWOD,,,,
NYBFF,SDABE,,,,
NYBIN,SDBRO,,,,
NYBLA,SDHUR,,,,
NYBNG,SDMIT,,,,
NYBRU,SDMOB,,,,
NYBSH,SDPIE,,,,
NYCCO,SDRAP,,,,
NYCHE,SDSFA,,,,
NYCHM,SDSFL,,,,
NYCHO,SDSIO,,,,
NYCHP,SDSTU,,,,
NYCHT,SDVER,,,,
NYCOR,SDWAT,,,,
NYCOX,SDWIN,,,,
NYDUN,TNACK,,,,
NYEDG,TNATH,,,,
NYELF,TNBAR,,,,
NYELM,TNBER,,,,
NYESR,TNBLO,,,,
NYESY,TNBSL,,,,
NYFOS,TNCHA,,,,
NYFSL,TNCLA,,,,
NYFTR,TNCLE,,,,
NYGEN,TNCOL,,,,
NYGLE,TNCOO,,,,
NYHAN,TNCTN,,,,
NYHEN,TNDIK,,,,
NYHOR,TNDYE,,,,
NYHUD,TNEBR,,,,
NYITH,TNESB,,,,
NYJAM,TNFRA,,,,
NYJER,TNJAC,,,,
NYJIC,TNJHN,,,,
NYKEN,TNJOH,,,,
NYKIN,TNKNO,,,,
NYLBA,TNLAW,,,,
NYLIB,TNLOU,,,,
NYLIC,TNLVE,,,,
NYLOC,TNLVR,,,,
NYLTM,TNMAR,,,,
NYMAE,TNMAS,,,,
NYMAN,TNMEB,,,,
NYMAS,TNMEH,,,,
NYMEL,TNMEM,,,,
NYMNS,TNMOR,,,,
NYMON,TNMUR,,,,
NYMTV,TNNLE,,,,
NYNAS,TNNOX,,,,
NYNIA,TNOAK,,,,
NYNWR,TNOLI,,,,
NYONE,TNPAR,,,,
NYPLB,TNSEL,,,,
NYPOT,TNSHL,,,,
NYPOU,TNSPA,,,,
NYPPD,TNTCI,,,,
NYROC,TNTRE,,,,
NYROM,TNTUL,,,,
NYSGA,TNVER,,,,
NYSPR,TNWHI,,,,
NYSPV,TXABI,,,,
NYSTI,TXACC,,,,
NYSUF,TXALG,,,,
NYSYR,TXALP,,,,
NYTNA,TXAMA,,,,
NYTRA,TXANG,,,,
NYUTI,TXANT,,,,
NYW44,TXAPE,,,,
NYWIN,TXARD,,,,
NYYOR,TXARI,,,,
NZAKD,TXARL,,,,
OHAKR,TXAST,,,,
OHATH,TXAUN,,,,
OHAUS,TXAUS,,,,
OHBRE,TXBAT,,,,
OHBRI,TXBEA,,,,
OHCAN,TXBEL,,,,
OHCBS,TXBEU,,,,
OHCEL,TXBRN,,,,
OHCGE,TXBRO,,,,
OHCGF,TXBWN,,,,
OHCHI,TXBWV,,,,
OHCIT,TXCAN,,,,
OHCLE,TXCAV,,,,
OHCLS,TXCKL,,,,
OHCOL,TXCON,,,,
OHCTH,TXCOP,,,,
OHCUU,TXCOR,,,,
OHCVE,TXCPP,,,,
OHDAY,TXCRN,,,,
OHDEF,TXDAL,,,,
OHDYO,TXDAS,,,,
OHELY,TXDDL,,,,
OHFIN,TXDEL,,,,
OHFRM,TXDEN,,,,
OHHAM,TXDFW,,,,
OHHHT,TXDSD,,,,
OHLAN,TXEDO,,,,
OHLCK,TXEGL,,,,
OHLIM,TXELP,,,,
OHMAH,TXELS,,,,
OHMAN,TXEPA,,,,
OHMAR,TXEPD,,,,
OHMAS,TXESS,,,,
OHMHI,TXFOR,,,,
OHMHT,TXFOW,,,,
OHMID,TXFRL,,,,
OHMRN,TXFRP,,,,
OHMWR,TXFRT,,,,
OHNEW,TXFTH,,,,
OHNPH,TXFTW,,,,
OHPIQ,TXGAR,,,,
OHPOR,TXGDY,,,,
OHRIC,TXGRA,,,,
OHSAN,TXGRE,,,,
OHSHA,TXHAR,,,,
OHSHE,TXHMR,,,,
OHSHN,TXHS1,,,,
OHSPF,TXHSO,,,,
OHSTC,TXIAH,,,,
OHTLO,TXIDR,,,,
OHTLR,TXIRG,,,,
OHTOL,TXJSD,,,,
OHTRA,TXKEN,,,,
OHTRU,TXKER,,,,
OHURB,TXLBC,,,,
OHVNA,TXLBG,,,,
OHWAD,TXLCI,,,,
OHWES,TXLDO,,,,
OHWIM,TXLEO,,,,
OHWOO,TXLON,,,,
OHWTC,TXLOP,,,,
OHZAN,TXLSA,,,,
OKALT,TXLUB,,,,
OKARD,TXLUF,,,,
OKCLI,TXLUO,,,,
OKENI,TXMCA,,,,
OKGUY,TXMCG,,,,
OKHUG,TXMCY,,,,
OKLAW,TXMES,,,,
OKLCU,TXMFE,,,,
OKMCA,TXMFR,,,,
OKMUS,TXMID,,,,
OKOHA,TXMYK,,,,
OKOKL,TXNBL,,,,
OKOKM,TXODE,,,,
OKPON,TXPAL,,,,
OKSAL,TXPAM,,,,
OKSHA,TXPAR,,,,
OKSTI,TXPHA,,,,
OKTSA,TXPLA,,,,
OKTUA,TXPLE,,,,
OKTUL,TXPOR,,,,
OKULS,TXREO,,,,
OKVIN,TXRRK,,,,
OKWOO,TXRTH,,,,
ONBAR,TXSAL,,,,
ONBEL,TXSBE,,,,
ONBTF,TXSGO,,,,
ONBUR,TXSHE,,,,
ONCHM,TXSIH,,,,
ONHAI,TXSMR,,,,
ONHAM,TXSNI,,,,
ONKAN,TXSTA,,,,
ONKIN,TXSTI,,,,
ONKIT,TXSUL,,,,
ONLON,TXSUM,,,,
ONMIG,TXTCI,,,,
ONMIS,TXTEX,,,,
ONMSA,TXTIN,,,,
ONMSG,TXTLE,,,,
ONOAV,TXTYL,,,,
ONOTT,TXUVA,,,,
ONPBR,TXVER,,,,
ONQUE,TXVIC,,,,
ONSTC,TXWAC,,,,
ONSTF,TXWIC,,,,
ONTNO,TXWTC,,,,
ONTOR,TXWTH,,,,
ONTTO,USQS1,,,,
ONVAU,USQS2,,,,
ONWNS,USQS3,,,,
ORAIR,USQS4,,,,
ORALD,USQS5,,,,
ORBAK,USQS6,,,,
ORBEA,USQS7,,,,
ORBRN,USQS8,,,,
ORCOR,UTBEV,,,,
ORDES,UTCED,,,,
ORENE,UTCST,,,,
OREUG,UTDEL,,,,
ORFLO,UTGEO,,,,
ORGEN,UTLKC,,,,
ORGPA,UTLKE,,,,
ORGRA,UTLOG,,,,
ORHAR,UTLTC,,,,
ORHRM,UTMOA,,,,
ORHST,UTNNA,,,,
ORJOH,UTOGD,,,,
ORKLA,UTORE,,,,
ORLGN,UTPRI,,,,
ORMED,UTRGE,,,,
ORNBE,UTSAE,,,,
ORNPT,UTSAL,,,,
ORNRA,UTSKT,,,,
ORORL,UTSLC,,,,
ORORT,UTSLK,,,,
ORPCC,UTSTL,,,,
ORPOA,UTVRN,,,,
ORPOR,VAALE,,,,
ORROS,VABRI,,,,
ORSAL,VABTW,,,,
ORSPR,VACHA,,,,
ORTHE,VACPK,,,,
ORTLM,VADAN,,,,
ORTUA.hsd1.or.comcast.net,VADUB,,,,
ORWAR,VADUL,,,,
PAAIR,VAFRE,,,,
PAALI,VAFRL,,,,
PAALT,VAFRO,,,,
PABEA,VAHER,,,,
PABHL,VAIAD,,,,
PABNS,VAKEN,,,,
PABTN,VAKEY,,,,
PACAS,VALBG,,,,
PACHA,VALIV,,,,
PACTR,VALYN,,,,
PADUB,VAMEC,,,,
PAERI,VAMPK,,,,
PAEST,VAMTK,,,,
PAETO,VANEW,,,,
PAFDM,VANOO,,,,
PAFRA,VANOR,,,,
PAGET,VANPN,,,,
PAHAI,VARCM,,,,
PAHAR,VARHM,,,,
PAHOM,VARIC,,,,
PAHRS,VARIO,,,,
PAIND,VARMD,,,,
PAJOH,VARMN,,,,
PAKAN,VARMN-T,,,,
PAKUT,VAROA,,,,
PALAN,VAROE,,,,
PALEW,VASAN,,,,
PAMBG,VASFK,,,,
PAMDD,VASLM,,,,
PAMDT,VASPN,,,,
PAMDW,VASTA,,,,
PAMEA,VAVBA,,,,
PAMOT,VAVBC,,,,
PAMPL,VAVIR,,,,
PAMTL,VAWAY,,,,
PANCA,VAWIC,,,,
PANKE,VTBAR,,,,
PANST,VTBRA,,,,
PAOFO,VTBUL,,,,
PAPAV,VTRUT,,,,
PAPHA,VTSBU,,,,
PAPHI,VTSJO,,,,
PAPOT,VTWLT,,,,
PAPSB,VTWRI,,,,
PAPTY,WAABU,,,,
PAREA,WAARL,,,,
PASCN,WABLH,,,,
PASCR,WABLN,,,,
PASNL,WABLV,,,,
PASTO,WABOE,,,,
PASTR,WABRE,,,,
PASUN,WABRN,,,,
PATHO,WABUR,,,,
PATST,WACHE,,,,
PAUNI,WACOL,,,,
PAWAS,WADIS,,,,
PAWES,WAELL,,,,
PAWLB,WAELM,,,,
PAWLG,WAETL,,,,
PAWLL,WAEVE,,,,
PAYOR,WAEWE,,,,
PAYRK,WAFHA,,,,
PAZEL,WAFIE,,,,
PECAR,WAFIF,,,,
PECHT,WAGRA,,,,
PECLO,WAIMP,,,,
PEJAV,WAKEL,,,,
PHEDS,WAKEN,,,,
PHMNI,WAKWK,,,,
PHMNT,WAMOS,,,,
PHPPG1,WAOKA,,,,
PHPSG,WAPAC,,,,
PHQUE,WAPOR,,,,
PLAKO,WAPUL,,,,
PLBBL,WAPYP,,,,
PLBLI,WARED,,,,
PLGDA,WAREM,,,,
PLKOZ,WARIC,,,,
PLLDZ,WASAT,,,,
PLLEC,WASEA,,,,
PLMAT,WASKN,,,,
PLMIR,WASNR,,,,
PLMYS,WASPA,,,,
PLPIA,WASPN,,,,
PLPON,WASPO,,,,
PLPYR,WASTT,,,,
PLRZK,WATAC,,,,
PLRZZ,WATKW,,,,
PLSAD,WATOM,,,,
PLSBZ,WATUM,,,,
PLSCC,WATUW,,,,
PLSTR,WAVAN,,,,
PLSZ1,WAVRT,,,,
PLTRN,WAWAL,,,,
PLWAR1,WAWNA,,,,
PLWAW,WAYAK,,,,
PLWCW,WIAIR,,,,
PLWKO,WIBAL,,,,
PLZOG,WIBAR,,,,
PQBLA,WIDOD,,,,
PQBRO,WIDOE,,,,
PQDRU,WIDPE,,,,
PQLCO,WIEAU,,,,
PQMIR,WIELM,,,,
PQMON,WIGRB,,,,
PQQUE,WIGRE,,,,
PQSHE,WIJAN,,,,
PQTRO,WIKAU,,,,
PRARE,WILAC,,,,
PRBYM,WILCR,,,,
PRMAY,WIMAD,,,,
PRPNC,WIMAR,,,,
PTLDP,WIMAS,,,,
PTLIS,WIMID,,,,
PTMAI,WIMLK,,,,
QCSLR,WIMSN,,,,
RILIN,WIOAK,,,,
RIPRO,WIOCR,,,,
ROGRD,WIOSH,,,,
ROOPN,WIPDC,,,,
RUARY,WIRHI,,,,
RUAZO,WIRIC,,,,
RUBUM,WISHE,,,,
RULED,WISTE,,,,
RUMOC,WISTR,,,,
RUMOW,WISTU,,,,
RUNNO,WIWAS,,,,
RURST,WIWAT,,,,
RUSMO,WIWWL,,,,
RUSPE,WVBEC,,,,
RUVKO,WVBLF,,,,
RUVLD,WVCHA,,,,
SCAIK,WVCLK,,,,
SCAKN,WVELK,,,,
SCAND,WVFAI,,,,
SCBEA,WVFAR,,,,
SCCAE,WVHUN,,,,
SCCHA,WVHUR,,,,
SCCHS,WVLEW,,,,
SCCOL,WVLOG,,,,
SCECD,WVNTR,,,,
SCEER,WVPAR,,,,
SCFLN,WVPRI,,,,
SCFLO,WVPRK,,,,
SCGLL,WVWHE,,,,
SCGNY,WYCAP,,,,
SCGRE,WYCHE,,,,
SCGRV,WYCOD,,,,
SCHIL,WYEVA,,,,
SCLAN,WYGLT,,,,
SCMYR,WYJAK,,,,
SCNAU,WYLAR,,,,
SCNCT,WYRAW,,,,
SCORA,WYRIV,,,,
SCROC,WYROC,,,,
SCSMT,WYSHR,,,,
SCSMV,,,,,
SCSPA,,,,,
SCTON,,,,,
SCWCO,,,,,
SDABE,,,,,
SDBRO,,,,,
SDHUR,,,,,
SDMIT,,,,,
SDMOB,,,,,
SDPIE,,,,,
SDRAP,,,,,
SDSTU,,,,,
SDVER,,,,,
SDWAT,,,,,
SDWIN,,,,,
SEARL,,,,,
SEBOL,,,,,
SEJAR,,,,,
SEJNK,,,,,
SEMOL,,,,,
SEMST,,,,,
SESKA,,,,,
SESTC,,,,,
SEVST,,,,,
SGCHA,,,,,
SGPRE,,,,,
SGSIA.lan,,,,,
SGSIG,,,,,
SGSIP,,,,,
SILJU,,,,,
SKRGA,,,,,
SKSSK,,,,,
SVSAG,,,,,
SVSSL,,,,,
SVSSV,,,,,
THBAG,,,,,
THBAO,,,,,
THBNG,,,,,
THPAT,,,,,
THSAM,,,,,
THSAT,,,,,
THSAU,,,,,
TNACK,,,,,
TNATH,,,,,
TNBAR,,,,,
TNBER,,,,,
TNBSL,,,,,
TNCHA,,,,,
TNCLA,,,,,
TNCLE,,,,,
TNCOL,,,,,
TNCOO,,,,,
TNDIK,,,,,
TNDYE,,,,,
TNEBR,,,,,
TNFRA,,,,,
TNJAC,,,,,
TNJHN,,,,,
TNJOH,,,,,
TNKNO,,,,,
TNLAW,,,,,
TNLOU,,,,,
TNLVE,,,,,
TNLVR,,,,,
TNMAR,,,,,
TNMAS,,,,,
TNMEB,,,,,
TNMEH,,,,,
TNMEM,,,,,
TNMOR,,,,,
TNMUR,,,,,
TNNOX,,,,,
TNOAK,,,,,
TNOLI,,,,,
TNPAR,,,,,
TNSEL,,,,,
TNSPA,,,,,
TNTCI,,,,,
TNTRE,,,,,
TNTTN1-PTUN315,,,,,
TNTUL,,,,,
TNVER,,,,,
TNWHI,,,,,
TRIGA,,,,,
TRIMR,,,,,
TRMDK,,,,,
TRTOK,,,,,
TWAOU,,,,,
TWCHC,,,,,
TWHAN,,,,,
TWKAO,,,,,
TWLUJ,,,,,
TWTAI,,,,,
TWTCT,,,,,
TWTEI,,,,,
TWZHU,,,,,
TWZIL,,,,,
TXABI,,,,,
TXACC,,,,,
TXALG,,,,,
TXAMA,,,,,
TXANG,,,,,
TXANT,,,,,
TXAPE1,,,,,
TXARD,,,,,
TXARI,,,,,
TXARL,,,,,
TXAST,,,,,
TXAUN,,,,,
TXAUS,,,,,
TXBAT,,,,,
TXBEA,,,,,
TXBEL,,,,,
TXBEU,,,,,
TXBRN,,,,,
TXBRO,,,,,
TXBWN,,,,,
TXCAN,,,,,
TXCAV,,,,,
TXCKL,,,,,
TXCON,,,,,
TXCOP,,,,,
TXCOR,,,,,
TXCPP,,,,,
TXCRN,,,,,
TXDAL,,,,,
TXDAS,,,,,
TXDDL,,,,,
TXDEL,,,,,
TXDEN,,,,,
TXDFW,,,,,
TXDSD,,,,,
TXEDO,,,,,
TXEGL,,,,,
TXELP,,,,,
TXELS,,,,,
TXEPA,,,,,
TXEPD,,,,,
TXFOR,,,,,
TXFRL,,,,,
TXFRT,,,,,
TXFTH,,,,,
TXFTW,,,,,
TXGAR,,,,,
TXGDY,,,,,
TXGRA,,,,,
TXGRE,,,,,
TXHAR,,,,,
TXHMR,,,,,
TXHS1,,,,,
TXHSO,,,,,
TXIAH,,,,,
TXIDR,,,,,
TXJSD,,,,,
TXKEN,,,,,
TXKER,,,,,
TXLBC,,,,,
TXLBG,,,,,
TXLCI,,,,,
TXLDO,,,,,
TXLEO,,,,,
TXLON,,,,,
TXLOP,,,,,
TXLSA,,,,,
TXLUB,,,,,
TXLUF,,,,,
TXLUO,,,,,
TXMCA,,,,,
TXMCG,,,,,
TXMCY,,,,,
TXMES,,,,,
TXMFE,,,,,
TXMFR,,,,,
TXMID,,,,,
TXMYK,,,,,
TXODE,,,,,
TXOSE,,,,,
TXPAL,,,,,
TXPAM,,,,,
TXPHA,,,,,
TXPLA,,,,,
TXPLE,,,,,
TXPOR,,,,,
TXREO,,,,,
TXRRK,,,,,
TXRTH,,,,,
TXSBE,,,,,
TXSGO,,,,,
TXSHE,,,,,
TXSIH,,,,,
TXSMR,,,,,
TXSTA,,,,,
TXSTI,,,,,
TXSUL,,,,,
TXSUM,,,,,
TXTCI,,,,,
TXTEX,,,,,
TXTIN,,,,,
TXTLE,,,,,
TXTYL,,,,,
TXUVA,,,,,
TXVER,,,,,
TXVIC,,,,,
TXWAC,,,,,
TXWIC,,,,,
TXWTH,,,,,
UAKIV,,,,,
UTCED,,,,,
UTDEL,,,,,
UTGEO,,,,,
UTLKC,,,,,
UTLKE,,,,,
UTLOG,,,,,
UTLTC,,,,,
UTMOA,,,,,
UTNNA,,,,,
UTOGD,,,,,
UTORE,,,,,
UTPRI,,,,,
UTSAL,,,,,
UTSKT,,,,,
UTSLC,,,,,
UTSLK,,,,,
UTSTL,,,,,
UTVRN,,,,,
VAALE,,,,,
VABRI,,,,,
VABTW,,,,,
VACHA,,,,,
VACPK,,,,,
VADAN,,,,,
VADUB,,,,,
VADUL,,,,,
VAFRE,,,,,
VAFRL,,,,,
VAFRO,,,,,
VAHER,,,,,
VAIAD,,,,,
VAKEN,,,,,
VAKEY,,,,,
VALBG,,,,,
VALIV,,,,,
VALYN,,,,,
VAMEC,,,,,
VAMTK,,,,,
VANEW,,,,,
VANOO,,,,,
VANOR,,,,,
VARCM,,,,,
VARIC,,,,,
VARMD,,,,,
VAROA,,,,,
VAROE,,,,,
VASAN,,,,,
VASFK,,,,,
VAVIR,,,,,
VAWAY,,,,,
VNBND,,,,,
VNHOC,,,,,
VNPVD,,,,,
VNTLS,,,,,
VTBAR,,,,,
VTBRA,,,,,
VTBUL,,,,,
VTRUT,,,,,
VTSBU,,,,,
VTSJO,,,,,
VTWRI,,,,,
WAABU,,,,,
WAARL,,,,,
WABLH,,,,,
WABLN,,,,,
WABLV,,,,,
WABOE,,,,,
WABRE,,,,,
WABUR,,,,,
WACHE,,,,,
WACOL,,,,,
WADIS,,,,,
WAELL,,,,,
WAELM,,,,,
WAETL,,,,,
WAEVE,,,,,
WAFHA,,,,,
WAFIE,,,,,
WAFIF,,,,,
WAGRA,,,,,
WAIMP,,,,,
WAKEL,,,,,
WAKEN,,,,,
WAKWK,,,,,
WAMOS,,,,,
WAOKA,,,,,
WAPOR,,,,,
WAPUL,,,,,
WAPYP,,,,,
WARED,,,,,
WARIC,,,,,
WASAT,,,,,
WASEA,,,,,
WASNR,,,,,
WASPA,,,,,
WASPN,,,,,
WASPO,,,,,
WASTT,,,,,
WATAC,,,,,
WATKW,,,,,
WATOM,,,,,
WATUM,,,,,
WATUW,,,,,
WAVAN,,,,,
WAWAL,,,,,
WAWNA,,,,,
WAYAK,,,,,
WIAIR,,,,,
WIBAL,,,,,
WIBAR,,,,,
WIDOD,,,,,
WIEAU,,,,,
WIELM,,,,,
WIGRB,,,,,
WIGRE,,,,,
WIJAN,,,,,
WIKAU,,,,,
WILAC,,,,,
WIMAD,,,,,
WIMAR,,,,,
WIMID,,,,,
WIMLK,,,,,
WIMSN,,,,,
WIOAK,,,,,
WIOCR,,,,,
WIOSH,,,,,
WIRHI,,,,,
WIRIC,,,,,
WISHE,,,,,
WISTE,,,,,
WISTR,,,,,
WISTU,,,,,
WIWAS,,,,,
WIWAT,,,,,
WIWWL,,,,,
WVBEC,,,,,
WVBLF,,,,,
WVCLK,,,,,
WVELK,,,,,
WVFAI,,,,,
WVHUN,,,,,
WVLEW,,,,,
WVLOG,,,,,
WVNTR,,,,,
WVPAR,,,,,
WVPRK,,,,,
WVWHE,,,,,
WYCAP,,,,,
WYCHE,,,,,
WYCOD,,,,,
WYEVA,,,,,
WYGLT,,,,,
WYJAK,,,,,
WYLAR,,,,,
WYRAW,,,,,
WYRIV,,,,,
WYROC,,,,,
WYSHR,,,,,
ZACEN,,,,,
ZACTO,,,,,
ZADUA,,,,,
ZAJHB,,,,,
ZAJNN,,,,,
